Question,GPT4 Answer,Similarity Score,Label
How do you interpret a linear regression model?,"A linear regression model expresses the relationship between one dependent variable and one or more independent variables using a linear equation of the form \(Y = \beta_0 + \beta_1X_1 + \beta_2X_2 + \dots + \beta_nX_n + \epsilon\). The coefficients (\(\beta_1, \beta_2, \dots, \beta_n\)) quantify the effect of each independent variable on the dependent variable, and the intercept (\(\beta_0\)) represents the expected value of \(Y\) when all independent variables are zero. This makes interpretation straightforward: each coefficient estimates the change in the dependent variable for a one-unit change in the corresponding independent variable, holding all other variables constant.",0.6607053279876709,1
Justify the cases where the linear regression algorithm is suitable for a given dataset.,"Linear regression is suitable for a given dataset when the relationship between the independent and dependent variables is linear, i.e., changes in the independent variables are consistently associated with changes in the dependent variable. It is also ideal when the dataset is free from extreme outliers and multicollinearity among predictor variables.",0.6920592784881592,1
What is OLS?,Ordinary Least Squares (OLS) is a type of linear regression analysis that estimates the parameters of a linear model by minimizing the sum of the squared differences between the observed dependent variable and those predicted by the linear model. This method aims to find the best-fitting line through the data points by minimizing the least squares error.,0.6378774046897888,1
Why do we square the residuals instead of using modulus?,"Squaring the residuals, as done in methods like least squares, helps in emphasizing larger errors more than smaller ones, thus making the model more sensitive to outliers. Additionally, squaring makes the function differentiable, facilitating the use of calculus to find the minimum error, unlike absolute values which can create non-differentiable points at zero.",0.609355092048645,1
What are the disadvantages of the linear regression Algorithm?,"Linear regression assumes a linear relationship between the dependent and independent variables, which can be overly simplistic for many real-world scenarios. It is also sensitive to outliers, which can significantly affect the slope and intercept of the regression line. Additionally, linear regression can suffer from multicollinearity, where independent variables are highly correlated, leading to unreliable and unstable estimates of regression coefficients.",0.6710968613624573,1
What is VIF? How do you calculate it?,"Variance Inflation Factor (VIF) quantifies the extent of multicollinearity in a set of multiple regression variables by measuring how much the variance of an estimated regression coefficient increases if your predictors are correlated. It is calculated as VIF_j = 1 / (1 - R²_j), where R²_j is the R-squared value obtained by regressing the jth predictor on all the other predictors.",0.66118323802948,1
Explain the intuition behind Logistic Regression in detail.,"Logistic Regression is a statistical method for modeling the probability of a binary outcome. It uses the logistic function, which outputs values between 0 and 1, to estimate the likelihood that a given input belongs to a particular category. Essentially, it computes the odds of occurrence of an event by fitting data to a logit function, thereby enabling prediction of categorical outcomes, typically yes/no decisions.",0.6614260673522949,1
What are the odds?,"The term ""odds"" generally refers to the ratio of the likelihood of an event occurring to the likelihood of it not occurring. For instance, if an event has a probability \( p \) of happening, then the odds are \( \frac{p}{1-p} \). This concept is commonly used in contexts like gambling, statistics, and risk assessment.",0.6014869213104248,1
 What factors can attribute to the popularity of Logistic Regression?,"Logistic Regression is popular due to its simplicity and efficiency in binary classification tasks. It is easy to implement, interpret, and requires fewer computational resources, making it suitable for real-time predictions and providing a good baseline model for binary classification problems.",0.6019150018692017,1
What are the assumptions made in Logistic Regression?,"Logistic Regression assumes a linear relationship between the logit of the outcome and each predictor variable. It also presumes that the observations are independent of each other, that there is no multicollinearity among the explanatory variables, and that the outcome variable is binary (or ordinal for ordinal logistic regression). Furthermore, it assumes that the error terms are binomially distributed.",0.6196225881576538,1
What are the advantages of Logistic Regression?,"Logistic regression is efficient and easy to implement, providing probabilistic interpretation of classification problems. It's well-suited for binary classification tasks and provides interpretable results by showing the impact of each feature on the odds of belonging to a particular class.",0.5587530136108398,1
. What are the disadvantages of Logistic Regression?,Logistic regression can struggle with underfitting when the relationship between features is complex or nonlinear because it assumes a linear relationship between the input variables and the log-odds of the output. It also performs poorly if the data is highly imbalanced or contains multiple categorical variables that result in a large number of dummy variables after encoding.,0.5286433100700378,1
"How you formulate SVM for a regression problem statement?
","In SVM regression, the objective is to find a hyperplane that minimizes the errors between the actual target values and the predicted values, while also maximizing the margin. The cost function includes a regularization term to control the complexity of the model.",0.6131398677825928,1
What is a slack variable?,"A slack variable is introduced into an inequality constraint to transform it into an equality constraint, facilitating the solving of optimization problems. In the context of Support Vector Machines (SVM), slack variables are used to allow certain data points to be on the wrong side of the margin, helping to handle non-linearly separable data.",0.5790762305259705,1
What are the possible advantages of choosing the Naive Bayes classifier?,"The Naive Bayes classifier offers the advantages of simplicity, efficiency, and effectiveness, especially in text classification tasks. It requires a small amount of training data to estimate necessary parameters and can be extremely fast compared to more sophisticated methods, making it highly suitable for applications where computational resources are limited and real-time prediction is crucial.",0.6945101022720337,1
What disadvantages of Naive Bayes can make you remove it from your analysis?,"Naive Bayes classifiers assume that all features are independent of each other given the class, which often isn't the case in real-world scenarios, leading to potentially inaccurate predictions. Additionally, it can struggle with feature interactions and doesn't work well with imbalanced datasets, as it may be biased towards classes with more instances.",0.5758056640625,1
 What are different problem statements you can solve using Naive Bayes?,"Naive Bayes, a probabilistic machine learning algorithm based on Bayes' Theorem, is particularly effective for solving classification problems such as spam email detection, sentiment analysis, and document categorization. It is also used for recommendation systems and medical diagnosis where the independence assumption among the features simplifies the computation.",0.6194921731948853,1
Does Naive Bayes fall under the category of the discriminative or generative classifier?,"Naive Bayes is a generative classifier. It models the joint probability distribution \( P(X, Y) \) and uses this to compute the conditional probability \( P(Y | X) \) for prediction.",0.6827111840248108,1
What are some of the applications of KNN algorithm?,"The K-Nearest Neighbors (KNN) algorithm is widely used in classification and regression tasks such as recommendation systems, image recognition, and pattern recognition. It is also employed for anomaly detection in applications like fraud detection in banking and intrusion detection in network security.",0.6736851930618286,1
Explain the difference between the CART and ID3 Algorithms.,"CART (Classification and Regression Trees) algorithm uses the Gini index as a metric for splitting nodes and can handle both classification and regression tasks. On the other hand, the ID3 (Iterative Dichotomiser 3) algorithm uses entropy and information gain for splitting and is primarily designed for classification tasks, exclusively working with categorical data.",0.6270390748977661,1
"List down the different types of nodes in Decision Trees.
","1. Root Node: The top node in a decision tree where the first split is made.
2. Internal Nodes: Nodes in the tree that represent a decision point where splits occur based on feature values.
3. Leaf Nodes: Terminal nodes that represent the final outcome or decision of the tree.",0.5632660984992981,1
What are the disadvantages of Information Gain?,"Information Gain has disadvantages such as a bias towards attributes with a larger number of outcomes, which can lead to overfitting especially in cases where numerous values are irrelevant. Additionally, it may not always provide the best split, especially when dealing with continuous numerical data, requiring pre-discretization which can result in loss of information.",0.6345502138137817,1
Compare the different attribute selection measures.,"In machine learning, attribute (or feature) selection measures are used to select the most relevant attributes for constructing decision trees. Common measures include Information Gain, which quantifies the reduction in entropy from a parent to its children nodes; Gini Index, which measures the impurity of a dataset and aims to minimize the probability of misclassification; and Gain Ratio, which adjusts Information Gain by taking into account the number and size of branches to correct its bias towards features with more levels. Each measure has its strengths and weaknesses, with choice often depending on the specific characteristics of the data and the desired balance between accuracy and computational efficiency.",0.5630857348442078,1
List out the disadvantages of the Decision Trees.,"Decision trees often suffer from overfitting, especially with complex datasets with many features, leading to poor generalization to new data. They can also be unstable, as small changes in the data might result in a completely different tree being generated. Additionally, decision trees are biased towards selecting features with more levels and may be less effective at handling missing values and capturing linear relationships.",0.6167445182800293,1
What are the trade-offs of using decision trees vs. neural networks for certain machine learning applications?,"Decision trees offer interpretability and ease of implementation, performing well with less preprocessing for heterogeneous data. However, they can be prone to overfitting and may underperform on complex, non-linear problems compared to neural networks. Neural networks excel in handling high-dimensional and complex data patterns due to their deep learning capabilities, but require more data, computational resources, and have lower interpretability.",0.6461024284362793,1
"What common mistakes do beginners make when working with decision trees, and how can you avoid them?","Beginners often make the mistake of not pruning the decision tree, which can lead to overfitting. They may also choose inappropriate splitting criteria, negatively affecting the model's performance. To avoid these issues, one should apply pruning techniques to control tree depth and select the splitting criteria based on the problem specifics, balancing bias and variance effectively.",0.5554348230361938,1
"What is Bagging and How Does it Work? Explain it with Examples.
","Bagging, short for bootstrap aggregating, is an ensemble learning method used to improve the stability and accuracy of machine learning algorithms. It works by creating multiple subsets of the original training data with replacement, training a model (e.g., decision trees) on each subset, and then averaging the predictions (for regression) or using majority voting (for classification). For example, in a decision tree-based bagging model like Random Forest, multiple trees are built independently on bootstrapped samples and their collective output is used to make final decisions.",0.6644171476364136,1
What do you mean by Bagging?,"Bagging, short for Bootstrap Aggregating, is an ensemble learning technique used to improve the stability and accuracy of machine learning algorithms. It involves training multiple models on different subsets of the dataset (created with replacement), and then combining their predictions to produce a final result, typically through voting for classification or averaging for regression.",0.6921571493148804,1
Explain the working of the Random Forest Algorithm.,"Random Forest is an ensemble learning method that constructs multiple decision trees during training and outputs the class that is the majority vote of the classes (for classification) or mean prediction (for regression) of the individual trees. It operates by constructing each tree from a random subset of the training data and features, which improves model variance and helps in achieving better generalization on unseen data.",0.6916761994361877,1
What is Out-of-Bag Error?,"Out-of-Bag (OOB) error is an estimate of model prediction error obtained in ensemble learning methods like Random Forests. It is calculated using the data instances that are not selected for training in the bootstrap sampling process, serving as an internal validation mechanism for the model's performance.",0.6707337498664856,1
List down the features of Bagged Trees,"Bagged trees, or bootstrap aggregating of decision trees, feature:  
1. Improved model accuracy and robustness through averaging multiple decision trees built on different bootstrap samples of the dataset.  
2. Reduction of variance without substantially increasing bias, making the model less prone to overfitting compared to individual decision trees.",0.5868122577667236,1
 What are the Limitations of Bagging Trees?,"Bagging trees, while effective at reducing variance and improving stability, suffer primarily from increased computational complexity as multiple trees need to be generated and evaluated. Additionally, they often fail to effectively reduce bias if individual trees are biased, as the aggregation method mainly targets variance.",0.6363780498504639,1
List down the factors on which the forest error rate depends upon.,The forest error rate in a random forest algorithm depends primarily on the correlation between individual trees in the forest and the strength of each individual tree. Lower correlation and stronger individual trees typically result in lower forest error rates.,0.6679661870002747,1
Prove that in the Bagging method only about 63% of the total original examples (total training set) appear in any of sampled bootstrap datasets. Provide proper justification.,"In Bagging, each bootstrap sample is created by randomly selecting samples from the original dataset with replacement. The probability that any individual sample is chosen in one bootstrap round is \( \frac{1}{N} \). Consequently, the probability that it is not chosen is \( 1 - \frac{1}{N} \). Over \( N \) such picks (the size of the dataset), the probability that a sample is never picked is \( \left(1 - \frac{1}{N}\right)^N \). As \( N \) becomes large, this expression converges to \( \frac{1}{e} \) or approximately 0.3679. Therefore, the proportion of samples expected to appear at least once in a bootstrap sample is \( 1 - 0.3679 \approx 0.632 \), or about 63%.",0.6899346113204956,1
List down the parameters used to fine-tune the Random Forest.,"Key parameters to fine-tune in a Random Forest algorithm include `n_estimators` (number of trees in the forest), `max_depth` (maximum depth of each tree), `min_samples_split` (minimum number of samples required to split a node), and `min_samples_leaf` (minimum number of samples required to be at a leaf node). Additionally, `max_features` (number of features to consider when looking for the best split) plays a crucial role in controlling overfitting.",0.6957418918609619,1
How to find an optimal value of the hyperparameter mtry?,"To find an optimal value for the hyperparameter ""mtry"" in ensemble methods like Random Forests, you can use techniques such as grid search or random search, where you test multiple values of ""mtry"" and choose the one that gives the best performance (e.g., highest accuracy or lowest error) on a validation set. Alternatively, automated approaches like hyperparameter optimization tools (e.g., Hyperopt or Optuna) can efficiently search the space of possible ""mtry"" values.",0.6589704751968384,1
List down some of the shortcomings of the Random Forest Algorithm.,"Random Forests suffer from high computational demands due to the need for building and maintaining multiple trees, leading to significant memory consumption and slower execution for real-time applications. They also can overfit on some noisy classification/regression tasks and often provide limited interpretability compared to simpler models like Decision Trees, making it hard to understand the relationship between input features and predictions.",0.6752302646636963,1
"What are the disadvantages of dimension reduction?
","Dimension reduction techniques, such as PCA, can lead to loss of information, potentially discarding relevant features that are important for accurate model performance. Moreover, these methods may also make the dataset's structure and the features less interpretable, obscuring the understanding of which variables are influencing the model's decisions.",0.694814920425415,1
What happens when the eigenvalues are nearly equal?,"When the eigenvalues of a matrix are nearly equal, it indicates that the matrix is close to being a scalar matrix, where all diagonal elements are the same, potentially leading to numerical instability in computations involving inverses or solutions to differential equations. Furthermore, small perturbations in the matrix can result in disproportionately large changes in the computed eigenvectors, complicating numerical analysis and algorithm stability.",0.6651649475097656,1
